user_id,username,email,pw_hash
1,Roger Histand,Roger+Histand@hotmail.com,pbkdf2:sha256:50000$SrgawcLf$f2560824bf9ba82324a4fc48c68a6c211c14835b76e6e3449c0216004dd92069
2,Geoffrey Stieff,Geoffrey.Stieff@gmail.com,pbkdf2:sha256:50000$COz1klIa$2a2e7a2424747ce17d6978db3076ca5970a7655ceb0062228efc538bf8785916
3,Wendell Ballan,Wendell-Ballan@gmail.com,pbkdf2:sha256:50000$fYI5Cw1J$901fe96da08e70a1d34d019ad064f8575b20b2483878e4095ceadeb1b5dfa211
4,Nathan Sirmon,Nathan+Sirmon@dtu.dk,pbkdf2:sha256:50000$VaBN9Ab3$9f3e9efc2140484b82a4979199af055a2263e42216dd92837b93a2cee2bf6725
5,Quintin Sitts,Quintin+Sitts@itu.dk,pbkdf2:sha256:50000$aHPv6op8$9db03ae3888f3562363b02e632c2af23c2285ce8e80948e5eb23d6b0decd5ef2
6,Mellie Yost,Mellie+Yost@ku.dk,pbkdf2:sha256:50000$iESoICy5$8e522079a8cadea605c36fda4946f556d470c000926a6f3a1bb2cfdd566c8f55
7,Malcolm Janski,Malcolm-Janski@gmail.com,pbkdf2:sha256:50000$pmuxqKqj$d1924f4a22a5fbda3051e7932bfd63082c2df8b6b5ffffa70b04eac55730eac4
8,Octavio Wagganer,Octavio.Wagganer@dtu.dk,pbkdf2:sha256:50000$n7mCePTT$39a3759e821c9c3884e7b020eed7938e94c0729c868bbd12977649bdb158a22c
9,Johnnie Calixto,Johnnie+Calixto@itu.dk,pbkdf2:sha256:50000$YDgHC9D3$5344cbc2548bd0569416430c8b36846bae7d7b2ee16e8877c092da2e32577725
10,Jacqualine Gilcoine,Jacqualine.Gilcoine@gmail.com,pbkdf2:sha256:50000$OYHy0kEq$0dc4ec2be2180adf08f5fc8c37229fd00b401942ef3d7abc960ea1b81d112b38
11,Luanna Muro,Luanna-Muro@ku.dk,pbkdf2:sha256:50000$IuHzfT9Q$1a536c929fbe16cd2fd84b5b76df59fcf7ee5cf8ca633b2af2b918c23572baec
12,Shaunda Loewe,Shaunda+Loewe@gmail.com,pbkdf2:sha256:50000$jERpDRxG$e78fd86076948e7bf6e8300bf3578683cb2dda83b213ac5af00c4e546c35642d
13,Lowell Caneer,Lowell-Caneer@gmail.com,pbkdf2:sha256:50000$sWFzzozX$abb45963560a126c276d8de00bdb241ff5ec61989d22a8a46ca419a3e874cfab
14,Roderick Tauscher,Roderick-Tauscher@hotmail.com,pbkdf2:sha256:50000$NeSC2Kxl$56b1c83df95eb833c93a5de1e2bf90c7e9dc3bb47b9399352156974879219e64
15,Kym Yarnell,Kym_Yarnell@gmail.com,pbkdf2:sha256:50000$hFak7N9Q$425b6ebba972f9b690de1ae1d0a8be724a7eb3ddfafd810be9f707746a2bffc8
16,Sherril Tazewell,Sherril-Tazewell@ku.dk,pbkdf2:sha256:50000$8oDUCq0W$a526169b776497cf5641a07639fa0d70e71440b7d085118d8ea27c9c15ca05a5
17,Blair Reasoner,Blair_Reasoner@itu.dk,pbkdf2:sha256:50000$zNb3Wz7S$054f354e4fe09efdf545143869a5a78358b6637dbf475e9f9b1ffbdc0c2c9cab
18,Rhea Pollan,Rhea_Pollan@hotmail.com,pbkdf2:sha256:50000$0CG0sH82$3d3202e200de454ba9451ced4ecf8e24e428d50d7da2e1a62197a509b813158c
19,Ayako Yestramski,Ayako_Yestramski@gmail.com,pbkdf2:sha256:50000$1bRhsyS7$2a453fc7ab3620c47fda7ad2ef96985fad8eb43a4ed78e9b6ebd42582b22d4cc
20,Georgie Mathey,Georgie_Mathey@gmail.com,pbkdf2:sha256:50000$oKOSJueI$931c2b430d01ea45d7a09be7a6846e52945e43b9cd8a1590a6eabe8005120e3f
21,Beverley Campanaro,Beverley-Campanaro@itu.dk,pbkdf2:sha256:50000$QyT6uzAx$095a9ea36aea98d5f50a1ec8ad40c34d7ed6ca0b39e90a0a029116fee22bc0c8
22,Leonora Alford,Leonora_Alford@hotmail.com,pbkdf2:sha256:50000$jSrHBrhG$c1093314d1c4f7b4bd7e66a2d35115ec0149cee3c6f1b1d603d8a10e3db29c15
23,Odessa Redepenning,Odessa.Redepenning@dtu.dk,pbkdf2:sha256:50000$sQHlVx0v$837332fc8f812b4339fd3cb17e173c690b638c0a0995af9e994ed808d661eaa1
24,Quintin Reimann,Quintin.Reimann@gmail.com,pbkdf2:sha256:50000$exCeZ45u$3dd98cb8fc2b1d25dc0dedef19ee94f301eca3c2b525805d2c09b2c5e2d0f01e
25,Johnnie Casasola,Johnnie-Casasola@dtu.dk,pbkdf2:sha256:50000$2wmtnbLq$bb322de301f4a3be1ff3ccab7fcdad88581355125db66cb2c056708d56a5a552
26,Enoch Herdman,Enoch_Herdman@itu.dk,pbkdf2:sha256:50000$LBLGLX0L$4dd7b968b3d172f0f276d03bcf6f87cd352bdb27ae5927ecdf6e53193df5a1ac
27,Angeline Sasse,Angeline_Sasse@gmail.com,pbkdf2:sha256:50000$s1XWFiyb$eb3dd595434b4329a4b85f107b6a916e221fe474e97bf47a1128515e42187b6e
28,Guadalupe Rumps,Guadalupe.Rumps@itu.dk,pbkdf2:sha256:50000$lopV8e9D$62c016cc81b2ec214a878e8201ebf2c4c823c114794e0ede52dc6dd1ccda893c
29,Lien Pons,Lien.Pons@ku.dk,pbkdf2:sha256:50000$j7guzjOJ$dc15bf089d97c0a4295e8f245f877f191c2ef57532009f28af580b42f1d88315
30,Maria Aceto,Maria-Aceto@hotmail.com,pbkdf2:sha256:50000$lSbEqBu0$d663313feb3234f4fba1dbcf51b83793fa2a9ca8e9f74067f5adfb0206e08700
31,Caitlin Kenndy,Caitlin+Kenndy@protonmail.com,pbkdf2:sha256:50000$b7igc0fB$26cf21850dd0f25cf35e716e910aef3072b7529dd491a17ef48675d51fbfe178
32,Carrol Hollopeter,Carrol.Hollopeter@protonmail.com,pbkdf2:sha256:50000$JZN3MBv8$78c007641cf814918ea2c656e4ff06c64881b57d2c905b7fca77c499a68c3f62
33,Logan Labarbera,Logan_Labarbera@itu.dk,pbkdf2:sha256:50000$zMnd1uiJ$db11b9039534a63d0727118baee09b86a98bd78a7644436deada6cf859643f94
34,Buford Hunsperger,Buford-Hunsperger@hotmail.com,pbkdf2:sha256:50000$bWjw81I7$ef9d56c3dfd889d839d16844b6ae6aa22dcbfe5d7dba4348eb1f04d61b2c4df4
35,Hildegard Rediske,Hildegard-Rediske@gmail.com,pbkdf2:sha256:50000$q8sITQHi$1f6c5ede452a2a1ee2e95fffe34107471a184ab1206ee087e32d6b0dd7b592df
36,Bret Santrizos,Bret-Santrizos@dtu.dk,pbkdf2:sha256:50000$j3Bgv3bI$c795370fd4b0f35db77eae0c138620085b864128f5cae6222162db70817428c4
37,Rachal Hoke,Rachal.Hoke@hotmail.com,pbkdf2:sha256:50000$pFspSzt8$a009a9f05b92328a08af2a72ec23c47e3ecdbe6a3e26e99e26c9d17589d315b0
38,Cherelle Yeaton,Cherelle+Yeaton@itu.dk,pbkdf2:sha256:50000$VINTGg7p$f67da09bb9d258fb97bf0fbec90e9be2170f82f11344049d41c44bfbc524ce2e
39,Maribeth Chenot,Maribeth+Chenot@ku.dk,pbkdf2:sha256:50000$eLxUF5MF$b718f9fbd6df64940ea63245cc9bf4ac0276030d03d143703d39b8e932fdb2d7
40,Meridith Bemrich,Meridith-Bemrich@protonmail.com,pbkdf2:sha256:50000$pjMtiVig$a06d84979639c18ccbe09dde9ada04bc565995e9c221f8c66780a205df0f56df
41,Shalon Schuyleman,Shalon.Schuyleman@ku.dk,pbkdf2:sha256:50000$gt1tHLQk$2def90e7d2454413ba91e77c5ba4113a2cc5ffa00169af8edd834e51c13b961f
42,Shizue Linde,Shizue_Linde@ku.dk,pbkdf2:sha256:50000$8MeiTo69$e845db3de8e54d793c89cf9e2e0b2d7a167c9f961010d5cd9cdd073f718c4ab6
43,Tyree Hotz,Tyree_Hotz@dtu.dk,pbkdf2:sha256:50000$3zv3H19S$362f964c3a2a6bc22ec46f19729a1d96cd49903e3fd8c6a88137e50c38eba139
44,Barney Allyn,Barney-Allyn@protonmail.com,pbkdf2:sha256:50000$WwJ77urg$143a89928c13a950acb53902a3d25c8fa4f4588c08867c905438a22add0f2f76
45,Otto Simcox,Otto.Simcox@itu.dk,pbkdf2:sha256:50000$QP9S07iH$d9f42bca8baa6c067fd574764eb28e1d5f30f495cf82cc6916580280791176af
46,Kris Berdine,Kris_Berdine@itu.dk,pbkdf2:sha256:50000$lGyoBEPr$eb831a50a18006d05b6c42bcc2b6e745e4db0813e3b5dcc4cf3b8383e426e244
47,Diana Hoeschen,Diana-Hoeschen@ku.dk,pbkdf2:sha256:50000$rEcvWOL5$fabcc9347e0bdb65c4307aadae1cb7c149287292a1ccba9d4d4700f5e8fdd6d1
48,Lynn Harnden,Lynn.Harnden@itu.dk,pbkdf2:sha256:50000$spPOe5hK$1c02c1f28411a94770cfa21544496a10c43d6813121f51048efd4cec337322b9
49,Noelia Flot,Noelia_Flot@itu.dk,pbkdf2:sha256:50000$myy7IIwC$ef10e7847fc9d71e3371bb58af746d60a93bd3af232d94f54e6715cd1e29f5a5
50,Carolina Wiatrak,Carolina_Wiatrak@hotmail.com,pbkdf2:sha256:50000$5doUhqrB$955bc757bace585cb8879226172fcbd8f2cb5c60446f5a031fc4a87dd920d2cf
51,Brandon Appelgate,Brandon_Appelgate@ku.dk,pbkdf2:sha256:50000$rjMUaFi3$d2b1c722c71e27c4332d0c07f77196fa7dc8e01e26b240a154d16097660e9517
52,Dion Metherell,Dion-Metherell@protonmail.com,pbkdf2:sha256:50000$UIzJawUa$dd33e58e0b858e56a4f0f6026283165ddaacecb340b95df0af14d036179a3dd3
53,Andres Lebitski,Andres-Lebitski@gmail.com,pbkdf2:sha256:50000$BU9rEBPO$f42064b98f06c6c5c9209e9109bd1f260b715b07ee972afca51eb76dd4a72936
54,Lucille Cardinas,Lucille.Cardinas@gmail.com,pbkdf2:sha256:50000$2poPN4Qa$c2c4c34050a802c07871989495a00ff9e7ce21ea0fe05b1e6efc86d7a6840db8
55,Clair Mccoard,Clair+Mccoard@hotmail.com,pbkdf2:sha256:50000$7kdz832u$ed004ea9b54a82c782777a753fbb802b585d26f782b0f0871157857db1b4f95d
56,Jess Betzig,Jess_Betzig@protonmail.com,pbkdf2:sha256:50000$GQwDvkLB$49503f389f22dc88647128ae597c86f39c0bec8c892bbdd871e304f657100a0d
57,Candida Vimont,Candida-Vimont@itu.dk,pbkdf2:sha256:50000$SsgOvl9Y$9b11987b7f08df66807f405250072e9df921b928fa0c533bd82ab49c91bee406
58,Melissa Findlen,Melissa+Findlen@ku.dk,pbkdf2:sha256:50000$qCOhpNEW$74ccbcec22df0a5f311c81033f2cc221eab32d3f2923c221af57bbbce24f032f
59,Olen Hain,Olen-Hain@dtu.dk,pbkdf2:sha256:50000$bv93RA9v$9f885b77de045a75d230278ad0470087be242f90c9703234d7356d492d797be9
60,Madonna Brown,Madonna_Brown@hotmail.com,pbkdf2:sha256:50000$QJDIMRDf$fc66c3dccd5a881320dc682dfc89dc8cadd63229bee9afc4dec71cb1277ebba8
61,Jean Leasor,Jean+Leasor@gmail.com,pbkdf2:sha256:50000$qFURwnQj$fad6f454824310ca5b056e96cb0d585a97f7eae0c6a2810e1ccc5789701fd685
62,Carroll Begnaud,Carroll_Begnaud@itu.dk,pbkdf2:sha256:50000$CsVKIUlS$6f9d89d15947f29ba3bb6efc4c5c9f56ca38ee770c193ac38ce434b89d441887
63,Dorian Tomory,Dorian-Tomory@hotmail.com,pbkdf2:sha256:50000$5IpXasYk$1ea9d5cd1f35af4f73223bb2a6ae9e6b9b6023e69811f800e0cfb4eecc4027d5
64,Hilario Bendlage,Hilario.Bendlage@ku.dk,pbkdf2:sha256:50000$kYCr3sJh$fb65fdccb31a4400e3eb994946c28bd6bb003c7c9a4bf88a5f1c6e953b73e389
65,Tamie Debeaumont,Tamie+Debeaumont@gmail.com,pbkdf2:sha256:50000$s7LAfbvE$148b9b288d40464c4e23ce66e4d5fee6f5b7b47088ee67a97ebd6c97645333a6
66,Blake Kapp,Blake_Kapp@dtu.dk,pbkdf2:sha256:50000$GbFM4BWq$8a8112ead5e2bc2171c9b95ca45304d60932c99ad351310a0a18a0b3ab1729e4
67,Sanjuana Garibay,Sanjuana.Garibay@itu.dk,pbkdf2:sha256:50000$nEDzov3e$ff77d7eb4c77b1645d3b478ec5e801c3c95eb27d987379550f102f94ec9a1591
68,Hiram Lauchaire,Hiram.Lauchaire@dtu.dk,pbkdf2:sha256:50000$NhF0rwWx$8268aeddda8ceac2d8a5eadc2e8a6d3fad1faab665fd35a589676f48a7c556ea
69,Eusebio Oestreich,Eusebio+Oestreich@dtu.dk,pbkdf2:sha256:50000$MicJA8In$0f9aff4549642a8b00df6f68a2c37684ff5bb9c0515091edcccfa6911bc85230
70,Sal Nases,Sal+Nases@dtu.dk,pbkdf2:sha256:50000$ZRllcM3P$24f566f2bac977ce8c0161aa5a612fcee053ca5dfefc1bc654082336e7c46d56
71,Valda Brokaw,Valda.Brokaw@dtu.dk,pbkdf2:sha256:50000$hrLPpor0$977b125df3266787f347b678a6cfa789a74d994f3daf71252c1f63b427d558ae
72,Numbers Shanley,Numbers_Shanley@dtu.dk,pbkdf2:sha256:50000$ZTc3MGyk$4154c7c5f4266e1be5b499698628fa280f8985c552ded78607de54515f1144a5
73,Sonya Hoffstetter,Sonya+Hoffstetter@gmail.com,pbkdf2:sha256:50000$GxeodzmT$b732617305b9361c7c361025b3f246897617ae8a2dcd41f3dc47c87ffabeba6c
74,Cameron Winge,Cameron.Winge@gmail.com,pbkdf2:sha256:50000$B2tLjgI5$3cd8db8363fe0f6ea68a5d354ceb4edbc73aab4d216c9b39d8e4c8aadbf32a12
75,Donte Hua,Donte_Hua@hotmail.com,pbkdf2:sha256:50000$AyJUvLCM$bd6b9f6fafd7cf0c47fc326f4ed73450fd248bba180f04303282cb21e8d1f98c
76,Kyla Gierut,Kyla+Gierut@hotmail.com,pbkdf2:sha256:50000$6Ghwfq1V$61e710a14d4b4fe46347f2d36d0beabe7269e1e1ee991ddc463fa5ae182d1331
77,Thalia Averitte,Thalia+Averitte@hotmail.com,pbkdf2:sha256:50000$s6oJUXL1$b7d248c4f01272340d9c9d2aeb05903f409a28c752358ca1a592e7956d507203
78,Sherwood Bonnel,Sherwood-Bonnel@hotmail.com,pbkdf2:sha256:50000$UlmCa8wJ$4e8776f924137d129462455cef4f1276aefea91e1e858608a8c7773c38f6baf8
79,Tracy Mckim,Tracy_Mckim@ku.dk,pbkdf2:sha256:50000$v2vrsgnV$40e2101ec6d170d655128decb52b2fcd34b3ad171cb35e2fa5f62ffd7d8f84b0
80,Eloisa Distel,Eloisa_Distel@protonmail.com,pbkdf2:sha256:50000$GmdgGCSY$39ca2cfcae2dc0e5dfde1290674c90d6777d207850dc933cd948417827b9d5f1
81,Jackson Callas,Jackson.Callas@gmail.com,pbkdf2:sha256:50000$k0V7baZt$c552ffa0e25f262a9921d7661a2617969a60f9aea48a3e0b489050a15c550efe
82,Isaias Aspley,Isaias_Aspley@dtu.dk,pbkdf2:sha256:50000$1FRbayMU$ddd250fccea5cc50c4d258291097d81e790e9ca43b5fd1f228af3a0b37fdddee
83,Leigh Kahuhu,Leigh+Kahuhu@dtu.dk,pbkdf2:sha256:50000$xiVkL7PR$1a6dea0ef64546c2070b3024dea94cfe1a2befafeaf6411604d054fa3bdaeb09
84,Kathe Overson,Kathe-Overson@ku.dk,pbkdf2:sha256:50000$38yOxt4M$c5a4294592594e5c591add09158d86f97ea63d0d4b205545cfb2aa5103af7296
85,Lynwood Lomax,Lynwood_Lomax@itu.dk,pbkdf2:sha256:50000$1OmVwhTr$8a101cf720ae2b0295f90519964b76e7877ff7304287aabdd15708afcc1ed751
86,Salley Twidwell,Salley.Twidwell@dtu.dk,pbkdf2:sha256:50000$oLHj7nad$697e21d78ede8c6461c8d1c8205cd474abfd88db91a6edcfd8f871d6e5355c50
87,Ruthanne Nusser,Ruthanne_Nusser@itu.dk,pbkdf2:sha256:50000$20IIVAr6$95c8959d536bf8f1a03939ff2203a7d6a5c163450c87f2aa208daaf971bbd63e
88,Kasi Araki,Kasi_Araki@protonmail.com,pbkdf2:sha256:50000$KEADX38r$ec94af0b7cffdb82b67220e706c58d1dc41813ac0c604c16f091da40f4da9805
89,Ed Benker,Ed_Benker@protonmail.com,pbkdf2:sha256:50000$BGht7oF1$cddf9e60dcdd9dbff8f474d2c490e07f3da2e28f7cd30e554c5d0b3590a1845a
90,Marjory Cuccia,Marjory-Cuccia@itu.dk,pbkdf2:sha256:50000$bcShMm7o$222476e152ab565224dc581e2f2eeab5cc0f9898730a0f4c348e4b8f327a40c5
91,Rebeca Witkus,Rebeca-Witkus@dtu.dk,pbkdf2:sha256:50000$yVPc8cYE$86953cef9f36c4a00f02a4cb35c44d4b9ee8593eb08f8ddb4f8ab9f03f42e177
92,Toya Zesati,Toya-Zesati@dtu.dk,pbkdf2:sha256:50000$CYnVwMWe$a8cd7b2a8b6731201d727d6a179e4e4f5aacbd0b6c8421d48e198e0a19ed3688
93,Palmer Stroot,Palmer_Stroot@hotmail.com,pbkdf2:sha256:50000$5V9OJNRN$4df9051c1c1d88cfa90f5424ff814889bb21c81e69cf0a359dce79d109620958
94,Shauna Yamasaki,Shauna.Yamasaki@ku.dk,pbkdf2:sha256:50000$keabegUj$0a04154691e58b1766366e7991f9c282155dd24626c8ac6ef137fc10c53d5dd1
95,Rick Digiulio,Rick.Digiulio@itu.dk,pbkdf2:sha256:50000$jimoR1NR$9704bca03bf0444d23214efe55815ca7742f2dc74e46578b798c3231f147e52c
96,Marisela Vincik,Marisela+Vincik@hotmail.com,pbkdf2:sha256:50000$ojr6juKT$7f876b8a2aa9063bc32fdefb9943669b6bdae62129a27646ecba4fa951d40af1
97,Natividad Ballar,Natividad-Ballar@gmail.com,pbkdf2:sha256:50000$EX8v5xx3$3ebd073b2dacee09be03ac12c5a0ebdd9041b95015b904dbbf8c7905a5eaf11a
98,Rob Mclamb,Rob_Mclamb@dtu.dk,pbkdf2:sha256:50000$9vr827iX$8ec4ec4a22b561b5ad31bcb00cd38c2cd8ba4b3a7d2865df52a91e20f8ad7e98
99,Apryl Rowan,Apryl-Rowan@dtu.dk,pbkdf2:sha256:50000$PNnW3c2P$64f186407304d78792c2517a83393027835575eeb8f86e672258c0179e127743
100,Marquis Luque,Marquis_Luque@protonmail.com,pbkdf2:sha256:50000$2fONVCba$7f910cdd5e20852fe08d2e288ae696ef9be24adc9dfc9d32cc46d75b393f6da0
101,Darci Chiarella,Darci.Chiarella@ku.dk,pbkdf2:sha256:50000$Jy1qSm4r$e737d6144b2a65bb73e41ac96bdb81ba37599f218d40429a17a80c31c11d8847
102,Gladis Massaglia,Gladis_Massaglia@ku.dk,pbkdf2:sha256:50000$6gX1wHLs$9e918bfde5a196e570d3c09ce337e498ffb68cd29a3eb8996c0b9bd4f86438c9
103,Gayle Hayoz,Gayle-Hayoz@gmail.com,pbkdf2:sha256:50000$1g0fzwsT$8d7b53fecab20edb5ebaffb5816ccabff32a0183caae55e5683e461f1bd37b6f
104,Charley Makepeace,Charley-Makepeace@protonmail.com,pbkdf2:sha256:50000$0DwtvscL$f5e02d8254b40a593bd8cdfbd7279f80849f41a7637ab52f06a1ae57d6aa16de
105,Lyndsay Corti,Lyndsay_Corti@dtu.dk,pbkdf2:sha256:50000$etDGySqM$c9641b4878e0d896b7bfc446b6b066ad17dc754e96427f97a4a673e8fb5a4ef3
106,Landon Zee,Landon-Zee@protonmail.com,pbkdf2:sha256:50000$2H8DB2L1$2b83189bbbe3ba70ac4e0491790acf39f5f6206689b5a272b03dab00cc8471d3
107,Giuseppe Polek,Giuseppe_Polek@itu.dk,pbkdf2:sha256:50000$D5hmFmuh$32c210a5cf7189fa426c9ddae3e3cfd12f7df4463373eb066193aaa6aaea0f8c
108,Jeromy Duclo,Jeromy+Duclo@gmail.com,pbkdf2:sha256:50000$Lq2Zs2wv$43549280b6f97b1cb56b5b3682fe7c8b27a304cc386a892a11d27a8b38f6164a
109,Norine Mittman,Norine_Mittman@protonmail.com,pbkdf2:sha256:50000$hquBHUsS$647a15cf68125b8a35d4c28e267ddbb87b0a519c6a1cdb9319aee362acb34021
110,Cleveland Delage,Cleveland_Delage@protonmail.com,pbkdf2:sha256:50000$9nANAEfS$29fb7b2479dc5132eeeeabdf61464323d2f839e293dd153ca13684dc9aae2511
111,Karyn Chagolla,Karyn+Chagolla@protonmail.com,pbkdf2:sha256:50000$YVudFrpV$23dcd4eeb7cf2b2b234be1029a214b5e57b82a102c3891ea822afd65b6cbc972
112,Berry Steinhoff,Berry_Steinhoff@protonmail.com,pbkdf2:sha256:50000$2JuPEizi$513cd5d57289a56d98a02b77664b3132c6a9e4f2220448b016c6006d6585171f
113,Louie Tugwell,Louie+Tugwell@dtu.dk,pbkdf2:sha256:50000$cPyWEacp$f13fe00151b49ad481cbe99a4d1eb926acceda57cb763d48876c9851f2910da1
114,John Peressini,John_Peressini@protonmail.com,pbkdf2:sha256:50000$9PqtJyJN$433991be06892d190f3afef8b29fc8c0bc981f13b9428f7d3d02cdec6d16b32e
115,Ruben Pizano,Ruben.Pizano@protonmail.com,pbkdf2:sha256:50000$QKX5XuV0$80adae24b5431f74ab72f5a2cee20a5566e096e0393d1e9ae416046ae3d60373
116,Vennie Huddleson,Vennie+Huddleson@hotmail.com,pbkdf2:sha256:50000$AAzNKGm3$78ff70aec90d0121b7c58bd1ff78e32e73419d874a0d38b0536b2df983ff0af3
117,Maricela Mcnurlen,Maricela.Mcnurlen@ku.dk,pbkdf2:sha256:50000$JwXlEWnp$e9935b77d6985b8089d12baed947ed7162317b6216f366d7772e7dc1b1ab070a
118,Lyman Foxman,Lyman+Foxman@gmail.com,pbkdf2:sha256:50000$eRu4efn3$b355e755cfeef1ca83541fc552f636e3d820061b13fe3b5f408adae647273577
119,Numbers Busey,Numbers.Busey@protonmail.com,pbkdf2:sha256:50000$zuBrrlk6$517bd899db3643c97b5f9ce37c1791c3c8233eedaced6425a37899c77136ac97
120,Nakia Vero,Nakia-Vero@dtu.dk,pbkdf2:sha256:50000$fqt46TUz$8690b7e7b2c229ee8b710847cb7f30dedf992305f8ce42c936383e13fe36b49b
121,Staci Guster,Staci-Guster@ku.dk,pbkdf2:sha256:50000$FhEeX0uN$7396d8b533da7591f93b90366bb96749e5000b8eac8ff7bbee3288cca03a3aff
122,Lynn Mckeague,Lynn-Mckeague@itu.dk,pbkdf2:sha256:50000$vZLbVKi3$281c381913f4365d9189f0c2af67779af15853897ff59f55bd4c92218f2b3faa
123,Abdul Smeathers,Abdul+Smeathers@ku.dk,pbkdf2:sha256:50000$5m294iSD$b81cb49eb491232d00711a7e77f33ff447f37581fab4beec7bc7d3a5b952dad2
124,Jeffry Baerman,Jeffry_Baerman@gmail.com,pbkdf2:sha256:50000$AktXaYRh$1579f7cb9aaefcefcf87b2f297f0e31ff82d22368bf50b2a2cc2b151d20d1167
125,Jospeh Kilichowski,Jospeh+Kilichowski@ku.dk,pbkdf2:sha256:50000$Dhxqosgy$2749bb0f472ae37bb15dc98e8753699289a0350d25a7d22ce4b4a564d566e206
126,Desmond Bennerman,Desmond.Bennerman@hotmail.com,pbkdf2:sha256:50000$pMGF79iZ$9a9d63221320ded41d7432ede9489343e190fd1a0980de1fc3a76b4215452b9d
127,Elmo Liepins,Elmo+Liepins@hotmail.com,pbkdf2:sha256:50000$BhMAGp6P$d10734e35239ddd0fbcab39382153655c4318017d8470d7399da420acd9c8e7b
128,Elodia Rohlack,Elodia.Rohlack@ku.dk,pbkdf2:sha256:50000$1A1BGTJr$c6b4aefe6155d1691ee787f4321f55a502a061bb7830c9cb843aa3085eef0e57
129,Pattie Mellom,Pattie+Mellom@itu.dk,pbkdf2:sha256:50000$sr1hrZez$dc5e7e2499e9d009c05c1c48b6770af0cf49b46004b8060dc9e7f96471881394
130,Kerry Passer,Kerry-Passer@gmail.com,pbkdf2:sha256:50000$Dd9ToheY$4f6b90cf5a5723175e7fbe797ca32db06dde91f4d99357893c3778f843280d3c
131,Janyce Freytas,Janyce_Freytas@itu.dk,pbkdf2:sha256:50000$SmEJxzLq$6b6a7b1fb12b39b2f6501bd6688a75bff1608b3631761e3e409cc1b3cf1d2c47
132,Claudia Giacchino,Claudia+Giacchino@ku.dk,pbkdf2:sha256:50000$C3e8276Q$fc61dc4e49fc499b3269eb145d3cfad369094206861151cb40601f94f7fe244c
133,Rudolph Sommons,Rudolph-Sommons@itu.dk,pbkdf2:sha256:50000$HIwd8g5n$1b01c0f837393f72fc52e6e4b59ec9ce86f0f78c9123a5ba405078b3926f37f4
134,Lanora Kolinski,Lanora.Kolinski@gmail.com,pbkdf2:sha256:50000$Eb38vZyX$3cf0f285d1f5c207b880593f52071bb3dd03db254b0f616c9478ce627221361d
135,Olen Boothroyd,Olen-Boothroyd@ku.dk,pbkdf2:sha256:50000$zMHcsn60$3ac43b014430d29c79fad06d28606693fd934d7e798f42bf534d6b9819c64469
136,Breana Sissom,Breana+Sissom@protonmail.com,pbkdf2:sha256:50000$ntzwY5xb$797452a99343ec410bdc09b5b100151c7c15eed967f69aeed3345bee91f4c711
137,Shanda Tande,Shanda+Tande@dtu.dk,pbkdf2:sha256:50000$W5zVKOxS$1c70af07864d4223c176c3791e31d6a676a053106f0601965758081d4c579cde
138,Shannon Casassa,Shannon.Casassa@ku.dk,pbkdf2:sha256:50000$RWDfdnfD$372348ea60efa24d5d99572f956823505d9d293b9085a7621b7b19019d1de027
139,Aurelio Madena,Aurelio_Madena@ku.dk,pbkdf2:sha256:50000$viA1D3wZ$7ac6ad410d076ab276f34f4cc9ac5b1aba423fc8f6b2655c554d35976f241ee5
140,Josh Hiler,Josh_Hiler@hotmail.com,pbkdf2:sha256:50000$xgmq037M$59f256d90c4c707e14eec391034b40f88785f9e22a16005fa3447a6c82abb5c8
141,Waneta Ungvarsky,Waneta_Ungvarsky@ku.dk,pbkdf2:sha256:50000$yBE10Nop$864a9af53f9653987b46ca93f0337d74aea9a4d233d0210d0ebdd05b7440b922
142,Stacy Consolo,Stacy+Consolo@itu.dk,pbkdf2:sha256:50000$iaj2V4jF$e6186600e348c74d2c0e8e3b684c62ce58008a3eb231e10f7ca7b68c06ef736a
143,Margherita Topal,Margherita+Topal@hotmail.com,pbkdf2:sha256:50000$KnMNvTRO$e00213ca93e0923c845e6f39217154301aaab69b4eee111e4219e789852d9776
144,Lenora Wenk,Lenora+Wenk@protonmail.com,pbkdf2:sha256:50000$nypXwX3o$dea51c439aad4b910dc325009f88cb83f4cd96aa8c785db0782b174d1af0dee5
145,Winter Spinoza,Winter.Spinoza@protonmail.com,pbkdf2:sha256:50000$pAb6EY0x$798a0ce04b80e5ca7773cd6c758e550de52ba6b0bf1ea5dc7fb995e118146505
146,Clint Mccardle,Clint+Mccardle@dtu.dk,pbkdf2:sha256:50000$gnC4ESmu$366ca643dc38107d32c66c2df49c1c76985854c344a9cdbb285bb63905016d2c
147,Ferdinand Gonyo,Ferdinand-Gonyo@ku.dk,pbkdf2:sha256:50000$3zqrRqJC$98914169ab948ab8f1ce8eb579c2f2e29c1eceb35417de49dbd17424dc302cd9
148,Paulene Mathers,Paulene-Mathers@ku.dk,pbkdf2:sha256:50000$aZxo2zGw$6d57ce830f827858d987ebeec04a6ade12dd9b99821a49a2ded9cfdd61b51131
149,Lyndon Olide,Lyndon+Olide@ku.dk,pbkdf2:sha256:50000$5hJKTuWO$7064a9f4e6942b52269692c9182e9886487439ccf34ea31a71a7db029c492848
150,Chi Mccallister,Chi+Mccallister@protonmail.com,pbkdf2:sha256:50000$CVGcdte4$b01ddf7312e45f3ccb4a5fd4ba6058fea43670ae66d0559c9ac6cff7589fcff9
151,Alysha Turbeville,Alysha+Turbeville@itu.dk,pbkdf2:sha256:50000$dKrguGv1$bb1654c308a7d7ea0240036b96b64e36f6d268c5af0df61add6eeaa13eb061d8
152,Cristobal Hickonbottom,Cristobal-Hickonbottom@gmail.com,pbkdf2:sha256:50000$J3GMrTVA$2b5e08776e47fac34083d7c51052432e844a57205ef73e594864495f1728e917
153,Markus Goes,Markus.Goes@dtu.dk,pbkdf2:sha256:50000$o4RbKRI0$eba9a7f112ead9dc15eae0f7633c0a548478f794223258f0099c772bbbb6190f
154,Dana Hasper,Dana-Hasper@ku.dk,pbkdf2:sha256:50000$QfmBhpzg$5f6612cbcee00f5fad2a18f7b9a1d35fbb631e1c3adb0bf3effc9ab7dd585f85
155,Katelyn Frankiewicz,Katelyn-Frankiewicz@dtu.dk,pbkdf2:sha256:50000$3UoZTNhb$26df4014fbe7fdc9c95b77da2ae557b9a6adaa64a843bd40002460980deb55ef
156,Cleo Grulke,Cleo+Grulke@hotmail.com,pbkdf2:sha256:50000$PN8B4CW4$89355e1fa04c7686e1ee31f63ea6a7a553fbdf4fd5a833ce6150499ca21061a1
157,Dane Megeath,Dane_Megeath@gmail.com,pbkdf2:sha256:50000$znEdXwpJ$4a02519094615ed78d5549c3d440318936c4675991ee41fd0433e053cd2d52f9
158,Chin Radish,Chin.Radish@itu.dk,pbkdf2:sha256:50000$7TCa3HJk$7f9939bbf67dab4789836b704edc238c1e858db7811fdf31eebb231ece010f10
159,Martha Demuzio,Martha-Demuzio@gmail.com,pbkdf2:sha256:50000$xwctZzxe$7da7df7cbc9052495e3eb0680c8e58c7c38d1f63e363889b56d0a1d2a61ce6e8
160,Caren Swiler,Caren.Swiler@protonmail.com,pbkdf2:sha256:50000$fQuyuJ7g$20eb1275aef3270a9737768fa29b08cb626dea4a0fc1fe05fdc93115381f7973
161,Federico Nowlen,Federico-Nowlen@gmail.com,pbkdf2:sha256:50000$Mw43JC7l$86fdf9c391e2d042c96252252a0d727204b26cb8dc7d5e130de4b1e3313f498e
162,Bret Iuliucci,Bret+Iuliucci@ku.dk,pbkdf2:sha256:50000$cEp1z3O2$322cbb4b487d6b27a577a1f3b567ab75fc4fe06b24c70493b159571955a3a733
163,Vania Nimick,Vania.Nimick@protonmail.com,pbkdf2:sha256:50000$dyVFd3Ll$25ade8700103a2823b3dcdbdb425c80a3227e4f016218586792b9573af1193eb
164,Johna Slaybaugh,Johna.Slaybaugh@ku.dk,pbkdf2:sha256:50000$55ohYDbk$82e034b9fa84de8b34b9d098005c95871d9287bff840c8e8adeab2acc46fd562
165,Katheleen Ekdahl,Katheleen-Ekdahl@dtu.dk,pbkdf2:sha256:50000$f8HzRFbi$54c9d7f741b5367051dda1d67f68a63b87d018ba113268334f4336ddf57c3bda
166,Kelley Praytor,Kelley+Praytor@dtu.dk,pbkdf2:sha256:50000$wdpCw8rL$d7c64ecbfe1e3176eba034c2365ce7d32bd7a931bcfa2085a9b69c830fa680a7
167,Hyo Stricklen,Hyo-Stricklen@gmail.com,pbkdf2:sha256:50000$46Es3w3b$a3e933aea8edc90a94e51462978acb07527cf441854e98adf56f9d366e291e96
168,Latashia Moraites,Latashia+Moraites@itu.dk,pbkdf2:sha256:50000$fNcwKDS2$d37f206b35d777a3bda3e0af8e4a34a91a5d3ccb0f4ce92ddd1bae5b52ff76da
169,Jerrell Camilleri,Jerrell.Camilleri@gmail.com,pbkdf2:sha256:50000$NSJ3kwlc$784483094fc9a064aed0a59600f39f16a866deaf1fce9ce51d397be764d67c58
170,Dominga Barcenas,Dominga-Barcenas@gmail.com,pbkdf2:sha256:50000$CVjGCXKJ$42e8a35684a5d0f2a4e4b1f9e1e44ee6fb5f3a292c90fcf4b582edcf449267e4
171,Domenic Kriegshauser,Domenic_Kriegshauser@protonmail.com,pbkdf2:sha256:50000$997D1BBi$26a9c16dc2b9f151f4c0cf3f84578bbede85009288a368ebbbcc2208f8b9874a
172,Margert Healy,Margert_Healy@hotmail.com,pbkdf2:sha256:50000$2dK6oGQY$33ac429776c391122185d9e52feea411eedbac01942b8fefc4c9829008049ad4
173,Eloy Phimsoutham,Eloy+Phimsoutham@itu.dk,pbkdf2:sha256:50000$bDYoAUqg$6843e1eab0127763ed316512879aa15b166010ed4779dc22935a8c8cf4139239
174,Janella Bevevino,Janella.Bevevino@ku.dk,pbkdf2:sha256:50000$ntsKjo6T$d417c2df68f3bebb01a746b36355d08e860e59d2ed023a72d2de376d0a961a30
175,Cheryll Ebbers,Cheryll-Ebbers@gmail.com,pbkdf2:sha256:50000$LlQrZPN3$9566304c19fc05237d3b1a9882c4a3876950f19b35fd7161f7cecf8088addc29
176,Glenn Corn,Glenn.Corn@gmail.com,pbkdf2:sha256:50000$RufhG9bp$b0f2db6341f1dd59815ca4f3585f34d4fa9f9973f7c9f54838521353e4608142
177,Dirk Zumpano,Dirk.Zumpano@itu.dk,pbkdf2:sha256:50000$FW3z5F9X$d3ebf4f7ec2198933a717295d6a69a370cff665f0de2826e50a3332afcd5ea22
178,Rick Hinton,Rick_Hinton@dtu.dk,pbkdf2:sha256:50000$Crgoy2pB$6fb1611afadc8a2f10d393ea5854ee91289bd308000af2877b42cc12e7c6e94f
179,Delorse Tribble,Delorse-Tribble@hotmail.com,pbkdf2:sha256:50000$ypjuvBpc$2e4ced524a2f0c41f44b17fc84952d34af9fb24fa09ffc4d3494b7dd51b8c1ab
180,Francesco Kassam,Francesco-Kassam@gmail.com,pbkdf2:sha256:50000$a6mgRJYG$4930c7c6db9c16db076c691d7b0dbc404b7010980f97bb9a4c399b84bc66d279
181,Xuan Kozera,Xuan-Kozera@itu.dk,pbkdf2:sha256:50000$Qrd7MXOu$be3b32828c6e9f21c7a2b969a98354952c81d6503a54c1ed99690132d1189756
182,Homer Bettridge,Homer-Bettridge@itu.dk,pbkdf2:sha256:50000$8mbQAdgP$a8e0ae0ee6ec6bdb849341c56c4336e68561d2adde7d334bce0edb85305f9371
183,Edwin Luthe,Edwin+Luthe@hotmail.com,pbkdf2:sha256:50000$ySR56JEj$237ee88331a3f3d702f0d24d21699a48d2b40fb553e92ce198b9247e45f00371
184,Kurtis Liakos,Kurtis-Liakos@ku.dk,pbkdf2:sha256:50000$LDMe35xm$e057df0fefa4730c5a833d0dd4404a6a25ec1ab12676a186d1ace987c955ebf4
185,Priscilla Mitton,Priscilla_Mitton@ku.dk,pbkdf2:sha256:50000$xYmhmC9A$1953507e9a9e42568434baf6e88c24da821aedcb158fe6259f92df32b11c828a
186,Wyatt Schnorbus,Wyatt+Schnorbus@gmail.com,pbkdf2:sha256:50000$FfChzDXX$6f194d4b6014734d5f277cf74fac3f2b1e7e20159db251e650f7f330153b9fbc
187,Kesha Chestnut,Kesha.Chestnut@hotmail.com,pbkdf2:sha256:50000$F1L1Xw9l$2344f71fb5a5f0639f2842e9538868b562fe8e00d6522966840ead69b41a35e6
188,Isreal Reefer,Isreal.Reefer@gmail.com,pbkdf2:sha256:50000$iEq8hGko$b1e7b0d76542974f3e4abb7e64776bc8d3aefa3de3d8231f87a8a5e10940dd2b
189,Johnette Joye,Johnette.Joye@protonmail.com,pbkdf2:sha256:50000$92j7eLwj$1be4de514d705787f42faa0a35042ef98b180df2cb42f54dfc2b79942f5d764a
190,Johnnie Lesso,Johnnie_Lesso@ku.dk,pbkdf2:sha256:50000$7gHXOKGh$d7050a5145239585599e23729cec27ec6dd5f2df6ff22533018b4bbda1f6ca5e
191,Prince Trbovich,Prince-Trbovich@ku.dk,pbkdf2:sha256:50000$EEHg8kJ1$a766aaeafe5e7d5d03a9278d05e8b923a38d30b8640b727c0634ced29d5c89ec
192,Irene Valcin,Irene.Valcin@gmail.com,pbkdf2:sha256:50000$CCrn3Trv$ef6436661229652ebc68e855978c0e6a026d5268e4c110002fd7d6911c626712
193,Caitlyn Handly,Caitlyn-Handly@hotmail.com,pbkdf2:sha256:50000$UD2eXnSk$35e3a3c96f6363c419b9b73da00fd36f07db8761b0349e14da9b5cf269ac6eb4
194,Tyler Hautan,Tyler.Hautan@hotmail.com,pbkdf2:sha256:50000$lU4KDKtx$d1fa23443d3e95ac65f893a34955abc732d035b0573f8b37bf7fda2f4f52e904
195,Kristina Mcpeek,Kristina-Mcpeek@gmail.com,pbkdf2:sha256:50000$oZllHWrQ$b5e3dd558aea131b52be4ab6b44f1cfb4e484975173f0adce8734310a45c5334
196,Kala Saner,Kala.Saner@itu.dk,pbkdf2:sha256:50000$lE8hODfJ$e9accdf68d14ef5b653774535e1fc5c585236fa82c4b1c7abd7d73d75e7257d4
197,Darryl Bart,Darryl_Bart@protonmail.com,pbkdf2:sha256:50000$xB9Tg13x$39ad158dad6200a42f34038a8871661e259cc1932c96cd69a2a57184284d4179
198,Ward Colley,Ward-Colley@hotmail.com,pbkdf2:sha256:50000$yMQngUEl$5fed131e73e5d7066a2a62e8e72a54d0b2cbe2bcdd630f5dcab29ba84a14ceb9
199,Sharmaine Abdelrahman,Sharmaine.Abdelrahman@itu.dk,pbkdf2:sha256:50000$lEWk0BVv$99428e1f3d7eb68bc925c47b8a25307e0fe2caadca8514a11b36c5f4818d9f47
200,Francesco Tavira,Francesco_Tavira@gmail.com,pbkdf2:sha256:50000$YQgJXdF1$bf23a3ad706f1128cd541bc784626b5a79bac95d60dbf706e48395a484dc7d3e
